{"cameraMode":{"drawMode":0,"name":"Shaded","section":"Shading Mode"},"sceneLighting":false,"audioPlay":false,"sceneViewState":{"showFog":true,"showMaterialUpdate":false,"showSkybox":false,"showFlares":true,"showImageEffects":true,"showParticleSystems":true},"in2DMode":false,"pivot":{"x":-25.83603286743164,"y":2.964742660522461,"z":-175.37136840820313},"rotation":{"x":-0.057288117706775668,"y":0.6788919568061829,"z":-0.05327260494232178,"w":-0.7300605177879334},"size":3.419034957885742,"orthographic":false}