{"cameraMode":{"drawMode":0,"name":"Shaded","section":"Shading Mode"},"sceneLighting":false,"audioPlay":false,"sceneViewState":{"showFog":true,"showMaterialUpdate":false,"showSkybox":false,"showFlares":true,"showImageEffects":true,"showParticleSystems":true},"in2DMode":false,"pivot":{"x":-25.14698028564453,"y":2.882619619369507,"z":-175.52244567871095},"rotation":{"x":-0.02907295525074005,"y":0.7009875774383545,"z":-0.028623320162296296,"w":-0.7120099663734436},"size":1.9732991456985474,"orthographic":false}