{"cameraMode":{"drawMode":0,"name":"Shaded","section":"Shading Mode"},"sceneLighting":false,"audioPlay":false,"sceneViewState":{"showFog":true,"showMaterialUpdate":false,"showSkybox":false,"showFlares":true,"showImageEffects":true,"showParticleSystems":true},"in2DMode":false,"pivot":{"x":-23.636220932006837,"y":2.6309032440185549,"z":-177.40988159179688},"rotation":{"x":0.041614290326833728,"y":0.8153331279754639,"z":-0.059058502316474918,"w":0.5744772553443909},"size":1.3745946884155274,"orthographic":false}